,geoid_county,rise,U7B001_isolated
0,01003,0,0
1,01003,1,686
2,01003,2,1970
3,01003,3,2619
4,01003,4,4367
5,01003,5,6525
6,01003,6,9388
7,01003,7,13019
8,01003,8,14939
9,01003,9,17992
10,01003,10,19443
11,01025,0,0
12,01025,1,0
13,01025,2,0
14,01025,3,0
15,01025,4,0
16,01025,5,0
17,01025,6,0
18,01025,7,0
19,01025,8,0
20,01025,9,0
21,01025,10,0
22,01097,0,0
23,01097,1,418
24,01097,2,2096
25,01097,3,5657
26,01097,4,7864
27,01097,5,9427
28,01097,6,12579
29,01097,7,16287
30,01097,8,18844
31,01097,9,21066
32,01097,10,23518
33,01099,0,0
34,01099,1,0
35,01099,2,0
36,01099,3,0
37,01099,4,0
38,01099,5,0
39,01099,6,0
40,01099,7,0
41,01099,8,0
42,01099,9,0
43,01099,10,0
44,01129,0,0
45,01129,1,0
46,01129,2,0
47,01129,3,0
48,01129,4,0
49,01129,5,0
50,01129,6,0
51,01129,7,0
52,01129,8,0
53,01129,9,0
54,01129,10,0
55,06001,0,0
56,06001,1,3270
57,06001,2,22536
58,06001,3,38480
59,06001,4,60387
60,06001,5,83867
61,06001,6,100680
62,06001,7,119604
63,06001,8,142605
64,06001,9,163070
65,06001,10,174087
66,06013,0,0
67,06013,1,195
68,06013,2,439
69,06013,3,1489
70,06013,4,3451
71,06013,5,6419
72,06013,6,13159
73,06013,7,14991
74,06013,8,17274
75,06013,9,20161
76,06013,10,23615
77,06015,0,0
78,06015,1,9
79,06015,2,9
80,06015,3,9
81,06015,4,9
82,06015,5,54
83,06015,6,117
84,06015,7,192
85,06015,8,239
86,06015,9,699
87,06015,10,716
88,06023,0,0
89,06023,1,644
90,06023,2,3415
91,06023,3,4038
92,06023,4,5880
93,06023,5,6361
94,06023,6,7224
95,06023,7,9085
96,06023,8,9789
97,06023,9,10621
98,06023,10,11015
99,06037,0,0
100,06037,1,3223
101,06037,2,4127
102,06037,3,8839
103,06037,4,8515
104,06037,5,15324
105,06037,6,21545
106,06037,7,28034
107,06037,8,33494
108,06037,9,44911
109,06037,10,56982
110,06041,0,0
111,06041,1,21129
112,06041,2,27573
113,06041,3,33513
114,06041,4,36864
115,06041,5,46965
116,06041,6,54783
117,06041,7,57213
118,06041,8,62066
119,06041,9,65962
120,06041,10,71465
121,06045,0,0
122,06045,1,61
123,06045,2,61
124,06045,3,63
125,06045,4,70
126,06045,5,157
127,06045,6,220
128,06045,7,316
129,06045,8,266
130,06045,9,270
131,06045,10,375
132,06053,0,0
133,06053,1,68
134,06053,2,135
135,06053,3,222
136,06053,4,387
137,06053,5,654
138,06053,6,750
139,06053,7,1852
140,06053,8,2341
141,06053,9,2950
142,06053,10,4302
143,06055,0,0
144,06055,1,337
145,06055,2,342
146,06055,3,357
147,06055,4,356
148,06055,5,432
149,06055,6,351
150,06055,7,2469
151,06055,8,3185
152,06055,9,5636
153,06055,10,6366
154,06059,0,0
155,06059,1,24768
156,06059,2,37400
157,06059,3,54728
158,06059,4,72769
159,06059,5,83073
160,06059,6,88401
161,06059,7,92388
162,06059,8,99507
163,06059,9,108643
164,06059,10,115644
165,06067,0,0
166,06067,1,0
167,06067,2,0
168,06067,3,0
169,06067,4,0
170,06067,5,0
171,06067,6,0
172,06067,7,0
173,06067,8,0
174,06067,9,0
175,06067,10,0
176,06073,0,0
177,06073,1,619
178,06073,2,4765
179,06073,3,5874
180,06073,4,10960
181,06073,5,13996
182,06073,6,17902
183,06073,7,22325
184,06073,8,26426
185,06073,9,31043
186,06073,10,40258
187,06075,0,0
188,06075,1,56
189,06075,2,1084
190,06075,3,4946
191,06075,4,10244
192,06075,5,19672
193,06075,6,23016
194,06075,7,24739
195,06075,8,27305
196,06075,9,29611
197,06075,10,33964
198,06079,0,0
199,06079,1,0
200,06079,2,0
201,06079,3,53
202,06079,4,126
203,06079,5,296
204,06079,6,497
205,06079,7,926
206,06079,8,1053
207,06079,9,1312
208,06079,10,2223
209,06081,0,0
210,06081,1,9973
211,06081,2,16982
212,06081,3,25162
213,06081,4,30791
214,06081,5,110363
215,06081,6,114977
216,06081,7,120842
217,06081,8,125780
218,06081,9,134461
219,06081,10,140777
220,06083,0,0
221,06083,1,150
222,06083,2,150
223,06083,3,213
224,06083,4,900
225,06083,5,2426
226,06083,6,3028
227,06083,7,3984
228,06083,8,6035
229,06083,9,6908
230,06083,10,8402
231,06085,0,0
232,06085,1,19127
233,06085,2,21255
234,06085,3,23901
235,06085,4,32527
236,06085,5,43230
237,06085,6,52685
238,06085,7,60758
239,06085,8,71208
240,06085,9,78715
241,06085,10,80815
242,06087,0,0
243,06087,1,0
244,06087,2,55
245,06087,3,821
246,06087,4,1448
247,06087,5,2014
248,06087,6,2649
249,06087,7,4428
250,06087,8,5994
251,06087,9,6600
252,06087,10,8538
253,06095,0,0
254,06095,1,2339
255,06095,2,3913
256,06095,3,6469
257,06095,4,7394
258,06095,5,12721
259,06095,6,18922
260,06095,7,20463
261,06095,8,23365
262,06095,9,25748
263,06095,10,27260
264,06097,0,0
265,06097,1,74
266,06097,2,252
267,06097,3,337
268,06097,4,504
269,06097,5,2367
270,06097,6,3598
271,06097,7,3610
272,06097,8,4480
273,06097,9,6291
274,06097,10,7517
275,06111,0,0
276,06111,1,789
277,06111,2,1450
278,06111,3,3775
279,06111,4,4949
280,06111,5,6963
281,06111,6,8735
282,06111,7,13102
283,06111,8,19441
284,06111,9,23343
285,06111,10,25349
286,09001,0,0
287,09001,1,2651
288,09001,2,6537
289,09001,3,12057
290,09001,4,26447
291,09001,5,35215
292,09001,6,40962
293,09001,7,44556
294,09001,8,47267
295,09001,9,51439
296,09001,10,55957
297,09003,0,0
298,09003,1,0
299,09003,2,9
300,09003,3,9
301,09003,4,9
302,09003,5,9
303,09003,6,9
304,09003,7,9
305,09003,8,9
306,09003,9,9
307,09003,10,37
308,09007,0,0
309,09007,1,540
310,09007,2,801
311,09007,3,1583
312,09007,4,2739
313,09007,5,4152
314,09007,6,7242
315,09007,7,8850
316,09007,8,9885
317,09007,9,10762
318,09007,10,12488
319,09009,0,0
320,09009,1,1118
321,09009,2,2704
322,09009,3,11126
323,09009,4,13688
324,09009,5,17648
325,09009,6,20454
326,09009,7,26631
327,09009,8,30388
328,09009,9,34464
329,09009,10,36540
330,09011,0,0
331,09011,1,165
332,09011,2,1220
333,09011,3,2000
334,09011,4,3881
335,09011,5,6850
336,09011,6,9199
337,09011,7,11524
338,09011,8,13181
339,09011,9,13890
340,09011,10,15478
341,10001,0,0
342,10001,1,594
343,10001,2,938
344,10001,3,1265
345,10001,4,1528
346,10001,5,1809
347,10001,6,2936
348,10001,7,4699
349,10001,8,5051
350,10001,9,6562
351,10001,10,8833
352,10003,0,0
353,10003,1,464
354,10003,2,1137
355,10003,3,1969
356,10003,4,3713
357,10003,5,4715
358,10003,6,7819
359,10003,7,10323
360,10003,8,13668
361,10003,9,14976
362,10003,10,16081
363,10005,0,0
364,10005,1,1173
365,10005,2,4695
366,10005,3,9972
367,10005,4,16639
368,10005,5,23548
369,10005,6,27990
370,10005,7,31855
371,10005,8,37507
372,10005,9,41465
373,10005,10,46404
374,11001,0,0
375,11001,1,1036
376,11001,2,1036
377,11001,3,1036
378,11001,4,1040
379,11001,5,1040
380,11001,6,1040
381,11001,7,1348
382,11001,8,3064
383,11001,9,3225
384,11001,10,4067
385,12003,0,0
386,12003,1,0
387,12003,2,0
388,12003,3,0
389,12003,4,0
390,12003,5,0
391,12003,6,0
392,12003,7,0
393,12003,8,0
394,12003,9,0
395,12003,10,0
396,12005,0,0
397,12005,1,300
398,12005,2,866
399,12005,3,3121
400,12005,4,6524
401,12005,5,9028
402,12005,6,12782
403,12005,7,16037
404,12005,8,21799
405,12005,9,27254
406,12005,10,33312
407,12009,0,0
408,12009,1,393
409,12009,2,5148
410,12009,3,9513
411,12009,4,28037
412,12009,5,46992
413,12009,6,66548
414,12009,7,82361
415,12009,8,92480
416,12009,9,99756
417,12009,10,109518
418,12011,0,0
419,12011,1,7137
420,12011,2,23529
421,12011,3,83096
422,12011,4,216799
423,12011,5,560852
424,12011,6,977057
425,12011,7,1165434
426,12011,8,1283549
427,12011,9,1454314
428,12011,10,1587662
429,12013,0,0
430,12013,1,0
431,12013,2,0
432,12013,3,0
433,12013,4,0
434,12013,5,0
435,12013,6,0
436,12013,7,0
437,12013,8,0
438,12013,9,0
439,12013,10,0
440,12015,0,0
441,12015,1,36
442,12015,2,5024
443,12015,3,8813
444,12015,4,36363
445,12015,5,55045
446,12015,6,66428
447,12015,7,78426
448,12015,8,86892
449,12015,9,96616
450,12015,10,111895
451,12017,0,0
452,12017,1,3077
453,12017,2,4711
454,12017,3,6157
455,12017,4,8096
456,12017,5,11349
457,12017,6,15180
458,12017,7,17372
459,12017,8,19764
460,12017,9,21820
461,12017,10,25516
462,12019,0,0
463,12019,1,281
464,12019,2,847
465,12019,3,1586
466,12019,4,5828
467,12019,5,7269
468,12019,6,10629
469,12019,7,16988
470,12019,8,20579
471,12019,9,23558
472,12019,10,27902
473,12021,0,0
474,12021,1,2426
475,12021,2,3964
476,12021,3,15913
477,12021,4,52826
478,12021,5,73351
479,12021,6,84179
480,12021,7,105586
481,12021,8,117913
482,12021,9,148774
483,12021,10,179160
484,12027,0,0
485,12027,1,0
486,12027,2,0
487,12027,3,0
488,12027,4,0
489,12027,5,0
490,12027,6,0
491,12027,7,0
492,12027,8,0
493,12027,9,0
494,12027,10,0
495,12029,0,0
496,12029,1,374
497,12029,2,406
498,12029,3,482
499,12029,4,713
500,12029,5,1007
501,12029,6,997
502,12029,7,1001
503,12029,8,1132
504,12029,9,1408
505,12029,10,1468
506,12031,0,0
507,12031,1,1195
508,12031,2,5632
509,12031,3,15417
510,12031,4,24711
511,12031,5,43494
512,12031,6,71341
513,12031,7,77362
514,12031,8,99814
515,12031,9,119449
516,12031,10,146565
517,12033,0,0
518,12033,1,259
519,12033,2,1090
520,12033,3,1434
521,12033,4,3125
522,12033,5,6990
523,12033,6,7624
524,12033,7,9968
525,12033,8,11265
526,12033,9,13104
527,12033,10,15008
528,12035,0,0
529,12035,1,391
530,12035,2,579
531,12035,3,1341
532,12035,4,3873
533,12035,5,4646
534,12035,6,9566
535,12035,7,14501
536,12035,8,18256
537,12035,9,18380
538,12035,10,20080
539,12037,0,0
540,12037,1,11
541,12037,2,58
542,12037,3,523
543,12037,4,977
544,12037,5,1255
545,12037,6,2754
546,12037,7,4437
547,12037,8,5184
548,12037,9,5570
549,12037,10,5845
550,12041,0,0
551,12041,1,106
552,12041,2,106
553,12041,3,106
554,12041,4,106
555,12041,5,106
556,12041,6,106
557,12041,7,106
558,12041,8,106
559,12041,9,106
560,12041,10,106
561,12045,0,0
562,12045,1,17
563,12045,2,210
564,12045,3,475
565,12045,4,1597
566,12045,5,1849
567,12045,6,2290
568,12045,7,2767
569,12045,8,3275
570,12045,9,4143
571,12045,10,4670
572,12051,0,0
573,12051,1,0
574,12051,2,0
575,12051,3,0
576,12051,4,0
577,12051,5,0
578,12051,6,0
579,12051,7,0
580,12051,8,0
581,12051,9,0
582,12051,10,0
583,12053,0,0
584,12053,1,1133
585,12053,2,1838
586,12053,3,2823
587,12053,4,3199
588,12053,5,3959
589,12053,6,4217
590,12053,7,4278
591,12053,8,5408
592,12053,9,5461
593,12053,10,5523
594,12057,0,0
595,12057,1,288
596,12057,2,2374
597,12057,3,7798
598,12057,4,29878
599,12057,5,61562
600,12057,6,96010
601,12057,7,113350
602,12057,8,132826
603,12057,9,152826
604,12057,10,169050
605,12059,0,0
606,12059,1,0
607,12059,2,0
608,12059,3,0
609,12059,4,0
610,12059,5,0
611,12059,6,0
612,12059,7,0
613,12059,8,0
614,12059,9,0
615,12059,10,0
616,12061,0,0
617,12061,1,1163
618,12061,2,1379
619,12061,3,3534
620,12061,4,8099
621,12061,5,20553
622,12061,6,26054
623,12061,7,27528
624,12061,8,30788
625,12061,9,31563
626,12061,10,34255
627,12065,0,0
628,12065,1,0
629,12065,2,0
630,12065,3,9
631,12065,4,9
632,12065,5,9
633,12065,6,9
634,12065,7,9
635,12065,8,9
636,12065,9,9
637,12065,10,9
638,12067,0,0
639,12067,1,0
640,12067,2,0
641,12067,3,0
642,12067,4,0
643,12067,5,0
644,12067,6,0
645,12067,7,0
646,12067,8,0
647,12067,9,0
648,12067,10,0
649,12069,0,0
650,12069,1,0
651,12069,2,14
652,12069,3,14
653,12069,4,191
654,12069,5,191
655,12069,6,191
656,12069,7,191
657,12069,8,191
658,12069,9,191
659,12069,10,191
660,12071,0,0
661,12071,1,2428
662,12071,2,8017
663,12071,3,18519
664,12071,4,53781
665,12071,5,130781
666,12071,6,181076
667,12071,7,225014
668,12071,8,266670
669,12071,9,304534
670,12071,10,340160
671,12073,0,0
672,12073,1,0
673,12073,2,0
674,12073,3,0
675,12073,4,0
676,12073,5,0
677,12073,6,0
678,12073,7,0
679,12073,8,0
680,12073,9,0
681,12073,10,0
682,12075,0,0
683,12075,1,167
684,12075,2,410
685,12075,3,1017
686,12075,4,1205
687,12075,5,1588
688,12075,6,1397
689,12075,7,1807
690,12075,8,1935
691,12075,9,1939
692,12075,10,2229
693,12077,0,0
694,12077,1,0
695,12077,2,0
696,12077,3,0
697,12077,4,0
698,12077,5,0
699,12077,6,0
700,12077,7,0
701,12077,8,0
702,12077,9,0
703,12077,10,10
704,12081,0,0
705,12081,1,1952
706,12081,2,9448
707,12081,3,17042
708,12081,4,25841
709,12081,5,32745
710,12081,6,39987
711,12081,7,49208
712,12081,8,58031
713,12081,9,65629
714,12081,10,77209
715,12083,0,0
716,12083,1,0
717,12083,2,0
718,12083,3,0
719,12083,4,7
720,12083,5,7
721,12083,6,7
722,12083,7,7
723,12083,8,7
724,12083,9,7
725,12083,10,7
726,12085,0,0
727,12085,1,237
728,12085,2,3473
729,12085,3,5667
730,12085,4,10276
731,12085,5,19033
732,12085,6,28422
733,12085,7,36285
734,12085,8,47022
735,12085,9,53088
736,12085,10,61302
737,12086,0,0
738,12086,1,11198
739,12086,2,67367
740,12086,3,195480
741,12086,4,340019
742,12086,5,677703
743,12086,6,1288491
744,12086,7,1741106
745,12086,8,1996607
746,12086,9,2159204
747,12086,10,2319569
748,12087,0,0
749,12087,1,5958
750,12087,2,23350
751,12087,3,47251
752,12087,4,53594
753,12087,5,63629
754,12087,6,69678
755,12087,7,73509
756,12087,8,75012
757,12087,9,77811
758,12087,10,79498
759,12089,0,0
760,12089,1,277
761,12089,2,487
762,12089,3,2579
763,12089,4,2984
764,12089,5,6596
765,12089,6,10035
766,12089,7,15203
767,12089,8,16988
768,12089,9,21447
769,12089,10,24256
770,12091,0,0
771,12091,1,0
772,12091,2,227
773,12091,3,387
774,12091,4,3378
775,12091,5,8093
776,12091,6,10776
777,12091,7,12242
778,12091,8,17621
779,12091,9,22781
780,12091,10,24899
781,12095,0,0
782,12095,1,0
783,12095,2,0
784,12095,3,0
785,12095,4,0
786,12095,5,0
787,12095,6,0
788,12095,7,0
789,12095,8,0
790,12095,9,0
791,12095,10,0
792,12099,0,0
793,12099,1,1364
794,12099,2,4108
795,12099,3,15142
796,12099,4,36588
797,12099,5,58116
798,12099,6,81297
799,12099,7,99153
800,12099,8,128451
801,12099,9,156087
802,12099,10,200199
803,12101,0,0
804,12101,1,5835
805,12101,2,10869
806,12101,3,16095
807,12101,4,22528
808,12101,5,27775
809,12101,6,35148
810,12101,7,39068
811,12101,8,47083
812,12101,9,56205
813,12101,10,64373
814,12103,0,0
815,12103,1,5109
816,12103,2,22602
817,12103,3,62119
818,12103,4,111916
819,12103,5,165240
820,12103,6,190019
821,12103,7,209745
822,12103,8,229296
823,12103,9,248761
824,12103,10,280915
825,12107,0,0
826,12107,1,7
827,12107,2,714
828,12107,3,874
829,12107,4,1267
830,12107,5,2061
831,12107,6,2884
832,12107,7,3477
833,12107,8,4981
834,12107,9,5975
835,12107,10,6698
836,12109,0,0
837,12109,1,1251
838,12109,2,3464
839,12109,3,16915
840,12109,4,29646
841,12109,5,38841
842,12109,6,48644
843,12109,7,55820
844,12109,8,62341
845,12109,9,67258
846,12109,10,76639
847,12111,0,0
848,12111,1,573
849,12111,2,765
850,12111,3,5761
851,12111,4,12162
852,12111,5,14048
853,12111,6,16052
854,12111,7,17393
855,12111,8,20159
856,12111,9,24227
857,12111,10,30257
858,12113,0,0
859,12113,1,812
860,12113,2,164
861,12113,3,2131
862,12113,4,3925
863,12113,5,5088
864,12113,6,6153
865,12113,7,9229
866,12113,8,11890
867,12113,9,13478
868,12113,10,14810
869,12115,0,0
870,12115,1,662
871,12115,2,4577
872,12115,3,13508
873,12115,4,21544
874,12115,5,30684
875,12115,6,39408
876,12115,7,48049
877,12115,8,60803
878,12115,9,72070
879,12115,10,86782
880,12117,0,0
881,12117,1,0
882,12117,2,0
883,12117,3,0
884,12117,4,0
885,12117,5,0
886,12117,6,0
887,12117,7,0
888,12117,8,0
889,12117,9,0
890,12117,10,0
891,12123,0,0
892,12123,1,100
893,12123,2,193
894,12123,3,973
895,12123,4,1035
896,12123,5,1046
897,12123,6,1514
898,12123,7,1830
899,12123,8,1996
900,12123,9,2192
901,12123,10,2272
902,12127,0,0
903,12127,1,791
904,12127,2,1964
905,12127,3,8773
906,12127,4,19747
907,12127,5,32177
908,12127,6,53642
909,12127,7,75730
910,12127,8,100106
911,12127,9,123178
912,12127,10,137386
913,12129,0,0
914,12129,1,135
915,12129,2,303
916,12129,3,1003
917,12129,4,1350
918,12129,5,2539
919,12129,6,3225
920,12129,7,3446
921,12129,8,4052
922,12129,9,4437
923,12129,10,5244
924,12131,0,0
925,12131,1,2430
926,12131,2,3021
927,12131,3,4578
928,12131,4,7395
929,12131,5,8944
930,12131,6,10562
931,12131,7,15799
932,12131,8,20228
933,12131,9,21962
934,12131,10,22552
935,12133,0,0
936,12133,1,0
937,12133,2,0
938,12133,3,0
939,12133,4,0
940,12133,5,0
941,12133,6,0
942,12133,7,21
943,12133,8,21
944,12133,9,21
945,12133,10,21
946,13025,0,0
947,13025,1,0
948,13025,2,0
949,13025,3,0
950,13025,4,0
951,13025,5,0
952,13025,6,0
953,13025,7,0
954,13025,8,29
955,13025,9,118
956,13025,10,118
957,13029,0,0
958,13029,1,1572
959,13029,2,2202
960,13029,3,2955
961,13029,4,4257
962,13029,5,5973
963,13029,6,8731
964,13029,7,9903
965,13029,8,15547
966,13029,9,17699
967,13029,10,21037
968,13039,0,0
969,13039,1,905
970,13039,2,1314
971,13039,3,3597
972,13039,4,4485
973,13039,5,6477
974,13039,6,8631
975,13039,7,11444
976,13039,8,15135
977,13039,9,19608
978,13039,10,22131
979,13049,0,0
980,13049,1,0
981,13049,2,0
982,13049,3,0
983,13049,4,13
984,13049,5,13
985,13049,6,43
986,13049,7,43
987,13049,8,43
988,13049,9,181
989,13049,10,181
990,13051,0,0
991,13051,1,6462
992,13051,2,11138
993,13051,3,16925
994,13051,4,31895
995,13051,5,51864
996,13051,6,59286
997,13051,7,73633
998,13051,8,86188
999,13051,9,105728
1000,13051,10,114851
1001,13103,0,0
1002,13103,1,0
1003,13103,2,0
1004,13103,3,0
1005,13103,4,0
1006,13103,5,0
1007,13103,6,0
1008,13103,7,0
1009,13103,8,0
1010,13103,9,0
1011,13103,10,0
1012,13127,0,0
1013,13127,1,4714
1014,13127,2,6477
1015,13127,3,13024
1016,13127,4,18734
1017,13127,5,23528
1018,13127,6,27791
1019,13127,7,28313
1020,13127,8,34567
1021,13127,9,38872
1022,13127,10,43165
1023,13179,0,0
1024,13179,1,920
1025,13179,2,1374
1026,13179,3,1412
1027,13179,4,1510
1028,13179,5,2125
1029,13179,6,3200
1030,13179,7,3238
1031,13179,8,5150
1032,13179,9,5981
1033,13179,10,8067
1034,13183,0,0
1035,13183,1,0
1036,13183,2,0
1037,13183,3,0
1038,13183,4,0
1039,13183,5,0
1040,13183,6,0
1041,13183,7,0
1042,13183,8,0
1043,13183,9,0
1044,13183,10,0
1045,13191,0,0
1046,13191,1,1698
1047,13191,2,1814
1048,13191,3,1946
1049,13191,4,2224
1050,13191,5,2246
1051,13191,6,2277
1052,13191,7,3809
1053,13191,8,4489
1054,13191,9,4759
1055,13191,10,5099
1056,13251,0,0
1057,13251,1,0
1058,13251,2,0
1059,13251,3,0
1060,13251,4,0
1061,13251,5,0
1062,13251,6,0
1063,13251,7,0
1064,13251,8,0
1065,13251,9,0
1066,13251,10,0
1067,13305,0,0
1068,13305,1,0
1069,13305,2,0
1070,13305,3,0
1071,13305,4,0
1072,13305,5,0
1073,13305,6,0
1074,13305,7,9
1075,13305,8,9
1076,13305,9,9
1077,13305,10,67
1078,15001,0,0
1079,15001,1,9
1080,15001,2,111
1081,15001,3,111
1082,15001,4,205
1083,15001,5,453
1084,15001,6,573
1085,15001,7,709
1086,15001,8,709
1087,15001,9,1613
1088,15001,10,1640
1089,15003,0,0
1090,15003,1,1428
1091,15003,2,5564
1092,15003,3,25937
1093,15003,4,59854
1094,15003,5,74081
1095,15003,6,107553
1096,15003,7,127187
1097,15003,8,159780
1098,15003,9,174711
1099,15003,10,187502
1100,15005,0,0
1101,15005,1,0
1102,15005,2,0
1103,15005,3,0
1104,15005,4,0
1105,15005,5,0
1106,15005,6,0
1107,15005,7,0
1108,15005,8,0
1109,15005,9,0
1110,15005,10,0
1111,15007,0,0
1112,15007,1,417
1113,15007,2,1780
1114,15007,3,2054
1115,15007,4,3643
1116,15007,5,6466
1117,15007,6,7423
1118,15007,7,13600
1119,15007,8,14620
1120,15007,9,15326
1121,15007,10,16357
1122,15009,0,0
1123,15009,1,353
1124,15009,2,951
1125,15009,3,2493
1126,15009,4,3403
1127,15009,5,5121
1128,15009,6,6957
1129,15009,7,8928
1130,15009,8,10072
1131,15009,9,12578
1132,15009,10,12984
1133,22001,0,0
1134,22001,1,2
1135,22001,2,193
1136,22001,3,255
1137,22001,4,902
1138,22001,5,1090
1139,22001,6,1510
1140,22001,7,2069
1141,22001,8,2378
1142,22001,9,2424
1143,22001,10,2785
1144,22003,0,0
1145,22003,1,0
1146,22003,2,0
1147,22003,3,0
1148,22003,4,0
1149,22003,5,0
1150,22003,6,0
1151,22003,7,0
1152,22003,8,0
1153,22003,9,0
1154,22003,10,0
1155,22005,0,0
1156,22005,1,1731
1157,22005,2,3415
1158,22005,3,4449
1159,22005,4,9740
1160,22005,5,14709
1161,22005,6,18291
1162,22005,7,23075
1163,22005,8,32090
1164,22005,9,38226
1165,22005,10,45307
1166,22007,0,0
1167,22007,1,2402
1168,22007,2,4315
1169,22007,3,5424
1170,22007,4,6629
1171,22007,5,8468
1172,22007,6,7638
1173,22007,7,8176
1174,22007,8,8929
1175,22007,9,9966
1176,22007,10,11036
1177,22011,0,0
1178,22011,1,0
1179,22011,2,0
1180,22011,3,1
1181,22011,4,1
1182,22011,5,1
1183,22011,6,1
1184,22011,7,1
1185,22011,8,1
1186,22011,9,1
1187,22011,10,1
1188,22019,0,0
1189,22019,1,1386
1190,22019,2,3091
1191,22019,3,3736
1192,22019,4,5607
1193,22019,5,9961
1194,22019,6,16123
1195,22019,7,23592
1196,22019,8,34393
1197,22019,9,43621
1198,22019,10,57379
1199,22023,0,0
1200,22023,1,1171
1201,22023,2,2303
1202,22023,3,3049
1203,22023,4,3991
1204,22023,5,4825
1205,22023,6,4846
1206,22023,7,5317
1207,22023,8,5443
1208,22023,9,5303
1209,22023,10,5310
1210,22033,0,0
1211,22033,1,595
1212,22033,2,595
1213,22033,3,595
1214,22033,4,595
1215,22033,5,891
1216,22033,6,891
1217,22033,7,891
1218,22033,8,941
1219,22033,9,943
1220,22033,10,943
1221,22045,0,0
1222,22045,1,2246
1223,22045,2,3300
1224,22045,3,4578
1225,22045,4,5901
1226,22045,5,7238
1227,22045,6,8276
1228,22045,7,9502
1229,22045,8,13150
1230,22045,9,15038
1231,22045,10,15389
1232,22047,0,0
1233,22047,1,125
1234,22047,2,136
1235,22047,3,787
1236,22047,4,891
1237,22047,5,2214
1238,22047,6,2934
1239,22047,7,3646
1240,22047,8,5271
1241,22047,9,5532
1242,22047,10,6230
1243,22051,0,0
1244,22051,1,3511
1245,22051,2,5333
1246,22051,3,5615
1247,22051,4,5750
1248,22051,5,5352
1249,22051,6,5426
1250,22051,7,5279
1251,22051,8,5279
1252,22051,9,5279
1253,22051,10,5279
1254,22053,0,0
1255,22053,1,250
1256,22053,2,537
1257,22053,3,975
1258,22053,4,1624
1259,22053,5,2018
1260,22053,6,2550
1261,22053,7,2759
1262,22053,8,3510
1263,22053,9,4120
1264,22053,10,5191
1265,22055,0,0
1266,22055,1,106
1267,22055,2,106
1268,22055,3,106
1269,22055,4,148
1270,22055,5,320
1271,22055,6,365
1272,22055,7,694
1273,22055,8,846
1274,22055,9,1331
1275,22055,10,1888
1276,22057,0,0
1277,22057,1,12602
1278,22057,2,19215
1279,22057,3,26379
1280,22057,4,30699
1281,22057,5,35925
1282,22057,6,42838
1283,22057,7,44011
1284,22057,8,46050
1285,22057,9,49674
1286,22057,10,56457
1287,22063,0,0
1288,22063,1,1653
1289,22063,2,2941
1290,22063,3,4491
1291,22063,4,5961
1292,22063,5,7089
1293,22063,6,8391
1294,22063,7,9747
1295,22063,8,10851
1296,22063,9,11786
1297,22063,10,12977
1298,22071,0,0
1299,22071,1,501
1300,22071,2,842
1301,22071,3,1034
1302,22071,4,554
1303,22071,5,535
1304,22071,6,524
1305,22071,7,524
1306,22071,8,524
1307,22071,9,524
1308,22071,10,524
1309,22075,0,0
1310,22075,1,367
1311,22075,2,243
1312,22075,3,796
1313,22075,4,658
1314,22075,5,788
1315,22075,6,845
1316,22075,7,912
1317,22075,8,912
1318,22075,9,1058
1319,22075,10,1018
1320,22077,0,0
1321,22077,1,0
1322,22077,2,0
1323,22077,3,0
1324,22077,4,0
1325,22077,5,0
1326,22077,6,11
1327,22077,7,11
1328,22077,8,20
1329,22077,9,20
1330,22077,10,20
1331,22087,0,0
1332,22087,1,230
1333,22087,2,278
1334,22087,3,270
1335,22087,4,278
1336,22087,5,259
1337,22087,6,257
1338,22087,7,257
1339,22087,8,257
1340,22087,9,257
1341,22087,10,257
1342,22089,0,0
1343,22089,1,10385
1344,22089,2,11581
1345,22089,3,17927
1346,22089,4,18074
1347,22089,5,19806
1348,22089,6,21682
1349,22089,7,23904
1350,22089,8,23984
1351,22089,9,25415
1352,22089,10,25382
1353,22093,0,0
1354,22093,1,456
1355,22093,2,2274
1356,22093,3,3266
1357,22093,4,4819
1358,22093,5,4727
1359,22093,6,6660
1360,22093,7,7432
1361,22093,8,8618
1362,22093,9,9589
1363,22093,10,11570
1364,22095,0,0
1365,22095,1,2783
1366,22095,2,3347
1367,22095,3,7527
1368,22095,4,14134
1369,22095,5,17802
1370,22095,6,22061
1371,22095,7,25450
1372,22095,8,28507
1373,22095,9,30839
1374,22095,10,32609
1375,22097,0,0
1376,22097,1,0
1377,22097,2,0
1378,22097,3,0
1379,22097,4,0
1380,22097,5,0
1381,22097,6,0
1382,22097,7,58
1383,22097,8,58
1384,22097,9,90
1385,22097,10,122
1386,22099,0,0
1387,22099,1,1349
1388,22099,2,1465
1389,22099,3,1885
1390,22099,4,2808
1391,22099,5,3228
1392,22099,6,3675
1393,22099,7,3843
1394,22099,8,5600
1395,22099,9,5529
1396,22099,10,8928
1397,22101,0,0
1398,22101,1,2072
1399,22101,2,3566
1400,22101,3,5894
1401,22101,4,7652
1402,22101,5,8683
1403,22101,6,10392
1404,22101,7,11257
1405,22101,8,11282
1406,22101,9,12702
1407,22101,10,14741
1408,22103,0,0
1409,22103,1,4193
1410,22103,2,7254
1411,22103,3,12285
1412,22103,4,20946
1413,22103,5,35267
1414,22103,6,40850
1415,22103,7,47757
1416,22103,8,57092
1417,22103,9,62876
1418,22103,10,70188
1419,22105,0,0
1420,22105,1,0
1421,22105,2,634
1422,22105,3,1857
1423,22105,4,1973
1424,22105,5,2294
1425,22105,6,3029
1426,22105,7,3392
1427,22105,8,3553
1428,22105,9,3821
1429,22105,10,5919
1430,22109,0,0
1431,22109,1,20250
1432,22109,2,34375
1433,22109,3,47755
1434,22109,4,63578
1435,22109,5,73126
1436,22109,6,80972
1437,22109,7,83720
1438,22109,8,87137
1439,22109,9,83965
1440,22109,10,83455
1441,22113,0,0
1442,22113,1,3425
1443,22113,2,4843
1444,22113,3,6723
1445,22113,4,10661
1446,22113,5,14158
1447,22113,6,18630
1448,22113,7,21971
1449,22113,8,24743
1450,22113,9,27392
1451,22113,10,32881
1452,22121,0,0
1453,22121,1,0
1454,22121,2,36
1455,22121,3,207
1456,22121,4,245
1457,22121,5,245
1458,22121,6,257
1459,22121,7,257
1460,22121,8,1143
1461,22121,9,1204
1462,22121,10,1360
1463,23005,0,0
1464,23005,1,697
1465,23005,2,721
1466,23005,3,1074
1467,23005,4,2806
1468,23005,5,4726
1469,23005,6,6509
1470,23005,7,7920
1471,23005,8,8459
1472,23005,9,9839
1473,23005,10,11784
1474,23009,0,0
1475,23009,1,76
1476,23009,2,166
1477,23009,3,232
1478,23009,4,602
1479,23009,5,1595
1480,23009,6,2548
1481,23009,7,3474
1482,23009,8,4376
1483,23009,9,5216
1484,23009,10,5751
1485,23011,0,0
1486,23011,1,132
1487,23011,2,132
1488,23011,3,0
1489,23011,4,0
1490,23011,5,0
1491,23011,6,0
1492,23011,7,85
1493,23011,8,119
1494,23011,9,119
1495,23011,10,169
1496,23013,0,0
1497,23013,1,376
1498,23013,2,397
1499,23013,3,771
1500,23013,4,743
1501,23013,5,1344
1502,23013,6,2655
1503,23013,7,2816
1504,23013,8,3516
1505,23013,9,3755
1506,23013,10,4657
1507,23015,0,0
1508,23015,1,42
1509,23015,2,85
1510,23015,3,105
1511,23015,4,350
1512,23015,5,503
1513,23015,6,1119
1514,23015,7,1493
1515,23015,8,2025
1516,23015,9,2176
1517,23015,10,2487
1518,23019,0,0
1519,23019,1,12
1520,23019,2,12
1521,23019,3,12
1522,23019,4,12
1523,23019,5,12
1524,23019,6,12
1525,23019,7,68
1526,23019,8,68
1527,23019,9,68
1528,23019,10,174
1529,23023,0,0
1530,23023,1,856
1531,23023,2,1014
1532,23023,3,1586
1533,23023,4,2178
1534,23023,5,2370
1535,23023,6,3048
1536,23023,7,3079
1537,23023,8,3079
1538,23023,9,3151
1539,23023,10,3854
1540,23027,0,0
1541,23027,1,219
1542,23027,2,202
1543,23027,3,380
1544,23027,4,424
1545,23027,5,564
1546,23027,6,594
1547,23027,7,594
1548,23027,8,470
1549,23027,9,480
1550,23027,10,480
1551,23029,0,0
1552,23029,1,626
1553,23029,2,767
1554,23029,3,973
1555,23029,4,1813
1556,23029,5,2419
1557,23029,6,3113
1558,23029,7,3932
1559,23029,8,4208
1560,23029,9,4630
1561,23029,10,5478
1562,23031,0,0
1563,23031,1,761
1564,23031,2,1342
1565,23031,3,1707
1566,23031,4,2429
1567,23031,5,3470
1568,23031,6,4347
1569,23031,7,5476
1570,23031,8,7451
1571,23031,9,8403
1572,23031,10,10248
1573,24003,0,0
1574,24003,1,111
1575,24003,2,771
1576,24003,3,4050
1577,24003,4,8046
1578,24003,5,14378
1579,24003,6,18633
1580,24003,7,23302
1581,24003,8,29156
1582,24003,9,31585
1583,24003,10,37344
1584,24005,0,0
1585,24005,1,469
1586,24005,2,2054
1587,24005,3,5054
1588,24005,4,7247
1589,24005,5,10169
1590,24005,6,12809
1591,24005,7,14998
1592,24005,8,18209
1593,24005,9,23978
1594,24005,10,27934
1595,24009,0,0
1596,24009,1,158
1597,24009,2,430
1598,24009,3,651
1599,24009,4,1556
1600,24009,5,1796
1601,24009,6,3011
1602,24009,7,3528
1603,24009,8,3693
1604,24009,9,4568
1605,24009,10,5134
1606,24011,0,0
1607,24011,1,40
1608,24011,2,73
1609,24011,3,290
1610,24011,4,328
1611,24011,5,387
1612,24011,6,446
1613,24011,7,527
1614,24011,8,553
1615,24011,9,923
1616,24011,10,990
1617,24015,0,0
1618,24015,1,2
1619,24015,2,228
1620,24015,3,257
1621,24015,4,313
1622,24015,5,732
1623,24015,6,1088
1624,24015,7,1627
1625,24015,8,2414
1626,24015,9,2437
1627,24015,10,3228
1628,24017,0,0
1629,24017,1,0
1630,24017,2,42
1631,24017,3,1064
1632,24017,4,1139
1633,24017,5,1240
1634,24017,6,1595
1635,24017,7,1791
1636,24017,8,2249
1637,24017,9,2354
1638,24017,10,3120
1639,24019,0,0
1640,24019,1,2257
1641,24019,2,3407
1642,24019,3,4189
1643,24019,4,5070
1644,24019,5,5473
1645,24019,6,5623
1646,24019,7,5974
1647,24019,8,6254
1648,24019,9,7067
1649,24019,10,7236
1650,24025,0,0
1651,24025,1,0
1652,24025,2,7
1653,24025,3,336
1654,24025,4,336
1655,24025,5,523
1656,24025,6,590
1657,24025,7,590
1658,24025,8,710
1659,24025,9,780
1660,24025,10,3553
1661,24027,0,0
1662,24027,1,0
1663,24027,2,0
1664,24027,3,31
1665,24027,4,31
1666,24027,5,31
1667,24027,6,31
1668,24027,7,31
1669,24027,8,31
1670,24027,9,31
1671,24027,10,31
1672,24029,0,0
1673,24029,1,47
1674,24029,2,332
1675,24029,3,656
1676,24029,4,1234
1677,24029,5,1396
1678,24029,6,2471
1679,24029,7,2589
1680,24029,8,2872
1681,24029,9,3219
1682,24029,10,3429
1683,24031,0,0
1684,24031,1,0
1685,24031,2,0
1686,24031,3,0
1687,24031,4,0
1688,24031,5,0
1689,24031,6,0
1690,24031,7,0
1691,24031,8,0
1692,24031,9,0
1693,24031,10,0
1694,24033,0,0
1695,24033,1,0
1696,24033,2,0
1697,24033,3,20
1698,24033,4,20
1699,24033,5,46
1700,24033,6,232
1701,24033,7,247
1702,24033,8,166
1703,24033,9,339
1704,24033,10,1180
1705,24035,0,0
1706,24035,1,70
1707,24035,2,280
1708,24035,3,1650
1709,24035,4,7874
1710,24035,5,13889
1711,24035,6,14739
1712,24035,7,15291
1713,24035,8,18847
1714,24035,9,20401
1715,24035,10,21497
1716,24037,0,0
1717,24037,1,80
1718,24037,2,642
1719,24037,3,1059
1720,24037,4,2327
1721,24037,5,3281
1722,24037,6,7346
1723,24037,7,8267
1724,24037,8,8829
1725,24037,9,9589
1726,24037,10,10046
1727,24039,0,0
1728,24039,1,4626
1729,24039,2,6998
1730,24039,3,7535
1731,24039,4,8686
1732,24039,5,8772
1733,24039,6,9185
1734,24039,7,9509
1735,24039,8,9564
1736,24039,9,10299
1737,24039,10,10592
1738,24041,0,0
1739,24041,1,770
1740,24041,2,1955
1741,24041,3,3368
1742,24041,4,4399
1743,24041,5,7523
1744,24041,6,9088
1745,24041,7,9682
1746,24041,8,10547
1747,24041,9,10877
1748,24041,10,11290
1749,24045,0,0
1750,24045,1,155
1751,24045,2,871
1752,24045,3,1150
1753,24045,4,1658
1754,24045,5,1949
1755,24045,6,2485
1756,24045,7,2607
1757,24045,8,2687
1758,24045,9,2932
1759,24045,10,3018
1760,24047,0,0
1761,24047,1,633
1762,24047,2,2190
1763,24047,3,6004
1764,24047,4,13163
1765,24047,5,18494
1766,24047,6,20499
1767,24047,7,22779
1768,24047,8,23481
1769,24047,9,26204
1770,24047,10,27257
1771,24510,0,0
1772,24510,1,0
1773,24510,2,0
1774,24510,3,389
1775,24510,4,2667
1776,24510,5,3268
1777,24510,6,4403
1778,24510,7,6643
1779,24510,8,7147
1780,24510,9,8729
1781,24510,10,9306
1782,25001,0,0
1783,25001,1,1666
1784,25001,2,2932
1785,25001,3,6711
1786,25001,4,11922
1787,25001,5,17115
1788,25001,6,21432
1789,25001,7,25324
1790,25001,8,29058
1791,25001,9,34535
1792,25001,10,39921
1793,25005,0,0
1794,25005,1,725
1795,25005,2,1049
1796,25005,3,2199
1797,25005,4,3197
1798,25005,5,7835
1799,25005,6,10971
1800,25005,7,17760
1801,25005,8,20447
1802,25005,9,22817
1803,25005,10,27306
1804,25007,0,0
1805,25007,1,103
1806,25007,2,218
1807,25007,3,347
1808,25007,4,561
1809,25007,5,605
1810,25007,6,888
1811,25007,7,1148
1812,25007,8,1548
1813,25007,9,1609
1814,25007,10,1884
1815,25009,0,0
1816,25009,1,1065
1817,25009,2,3296
1818,25009,3,11177
1819,25009,4,18690
1820,25009,5,25271
1821,25009,6,31458
1822,25009,7,38036
1823,25009,8,44493
1824,25009,9,49446
1825,25009,10,54694
1826,25017,0,0
1827,25017,1,3699
1828,25017,2,10596
1829,25017,3,17299
1830,25017,4,36710
1831,25017,5,64503
1832,25017,6,83724
1833,25017,7,99115
1834,25017,8,114038
1835,25017,9,122948
1836,25017,10,132283
1837,25019,0,0
1838,25019,1,5
1839,25019,2,119
1840,25019,3,313
1841,25019,4,325
1842,25019,5,431
1843,25019,6,501
1844,25019,7,702
1845,25019,8,973
1846,25019,9,1093
1847,25019,10,1167
1848,25021,0,0
1849,25021,1,1051
1850,25021,2,2686
1851,25021,3,7173
1852,25021,4,14044
1853,25021,5,18560
1854,25021,6,22215
1855,25021,7,25297
1856,25021,8,29526
1857,25021,9,32998
1858,25021,10,33853
1859,25023,0,0
1860,25023,1,2038
1861,25023,2,3077
1862,25023,3,8268
1863,25023,4,15878
1864,25023,5,24050
1865,25023,6,26941
1866,25023,7,30991
1867,25023,8,35192
1868,25023,9,40400
1869,25023,10,44791
1870,25025,0,0
1871,25025,1,6217
1872,25025,2,10843
1873,25025,3,22234
1874,25025,4,45417
1875,25025,5,91032
1876,25025,6,152414
1877,25025,7,179857
1878,25025,8,197127
1879,25025,9,214436
1880,25025,10,227162
1881,33015,0,0
1882,33015,1,285
1883,33015,2,1269
1884,33015,3,2472
1885,33015,4,5767
1886,33015,5,7476
1887,33015,6,9453
1888,33015,7,10873
1889,33015,8,11006
1890,33015,9,11740
1891,33015,10,12935
1892,33017,0,0
1893,33017,1,353
1894,33017,2,353
1895,33017,3,353
1896,33017,4,353
1897,33017,5,353
1898,33017,6,623
1899,33017,7,796
1900,33017,8,796
1901,33017,9,1394
1902,33017,10,1341
1903,34001,0,0
1904,34001,1,2369
1905,34001,2,11388
1906,34001,3,33003
1907,34001,4,48781
1908,34001,5,57539
1909,34001,6,67908
1910,34001,7,73534
1911,34001,8,75604
1912,34001,9,78714
1913,34001,10,78855
1914,34003,0,0
1915,34003,1,3052
1916,34003,2,9760
1917,34003,3,18797
1918,34003,4,22617
1919,34003,5,26494
1920,34003,6,36098
1921,34003,7,40645
1922,34003,8,48021
1923,34003,9,51025
1924,34003,10,55680
1925,34005,0,0
1926,34005,1,504
1927,34005,2,1503
1928,34005,3,3561
1929,34005,4,5491
1930,34005,5,12168
1931,34005,6,14459
1932,34005,7,16728
1933,34005,8,18788
1934,34005,9,21468
1935,34005,10,24462
1936,34007,0,0
1937,34007,1,1588
1938,34007,2,2399
1939,34007,3,3129
1940,34007,4,5370
1941,34007,5,9189
1942,34007,6,14022
1943,34007,7,17005
1944,34007,8,22807
1945,34007,9,27819
1946,34007,10,31999
1947,34009,0,0
1948,34009,1,2057
1949,34009,2,5572
1950,34009,3,14760
1951,34009,4,21891
1952,34009,5,32272
1953,34009,6,36796
1954,34009,7,38972
1955,34009,8,42474
1956,34009,9,43102
1957,34009,10,47833
1958,34011,0,0
1959,34011,1,1573
1960,34011,2,1951
1961,34011,3,2539
1962,34011,4,3624
1963,34011,5,7536
1964,34011,6,8146
1965,34011,7,8743
1966,34011,8,9083
1967,34011,9,9142
1968,34011,10,9769
1969,34013,0,0
1970,34013,1,0
1971,34013,2,0
1972,34013,3,366
1973,34013,4,5658
1974,34013,5,9689
1975,34013,6,19198
1976,34013,7,21020
1977,34013,8,24199
1978,34013,9,27285
1979,34013,10,31331
1980,34015,0,0
1981,34015,1,2049
1982,34015,2,2005
1983,34015,3,2729
1984,34015,4,4346
1985,34015,5,5569
1986,34015,6,9001
1987,34015,7,9459
1988,34015,8,11730
1989,34015,9,13332
1990,34015,10,14549
1991,34017,0,0
1992,34017,1,4386
1993,34017,2,17764
1994,34017,3,31651
1995,34017,4,50970
1996,34017,5,69946
1997,34017,6,91999
1998,34017,7,115635
1999,34017,8,116786
2000,34017,9,126386
2001,34017,10,136813
2002,34021,0,0
2003,34021,1,32
2004,34021,2,32
2005,34021,3,32
2006,34021,4,32
2007,34021,5,32
2008,34021,6,32
2009,34021,7,32
2010,34021,8,32
2011,34021,9,32
2012,34021,10,32
2013,34023,0,0
2014,34023,1,131
2015,34023,2,422
2016,34023,3,421
2017,34023,4,1012
2018,34023,5,7183
2019,34023,6,11380
2020,34023,7,14821
2021,34023,8,17090
2022,34023,9,20659
2023,34023,10,23693
2024,34025,0,0
2025,34025,1,1426
2026,34025,2,8105
2027,34025,3,19658
2028,34025,4,26221
2029,34025,5,33809
2030,34025,6,40801
2031,34025,7,45225
2032,34025,8,52392
2033,34025,9,62380
2034,34025,10,71931
2035,34029,0,0
2036,34029,1,1290
2037,34029,2,9748
2038,34029,3,31898
2039,34029,4,51092
2040,34029,5,56817
2041,34029,6,67204
2042,34029,7,80107
2043,34029,8,87825
2044,34029,9,93169
2045,34029,10,102978
2046,34031,0,0
2047,34031,1,14
2048,34031,2,14
2049,34031,3,14
2050,34031,4,14
2051,34031,5,14
2052,34031,6,14
2053,34031,7,73
2054,34031,8,73
2055,34031,9,581
2056,34031,10,831
2057,34033,0,0
2058,34033,1,5234
2059,34033,2,8069
2060,34033,3,11295
2061,34033,4,12993
2062,34033,5,17175
2063,34033,6,21639
2064,34033,7,23742
2065,34033,8,25047
2066,34033,9,26281
2067,34033,10,27443
2068,34035,0,0
2069,34035,1,0
2070,34035,2,0
2071,34035,3,0
2072,34035,4,0
2073,34035,5,0
2074,34035,6,0
2075,34035,7,0
2076,34035,8,0
2077,34035,9,0
2078,34035,10,0
2079,34039,0,0
2080,34039,1,0
2081,34039,2,0
2082,34039,3,346
2083,34039,4,1190
2084,34039,5,3884
2085,34039,6,4536
2086,34039,7,8168
2087,34039,8,10149
2088,34039,9,12288
2089,34039,10,14837
2090,36001,0,0
2091,36001,1,0
2092,36001,2,0
2093,36001,3,0
2094,36001,4,0
2095,36001,5,0
2096,36001,6,14
2097,36001,7,14
2098,36001,8,14
2099,36001,9,14
2100,36001,10,17
2101,36005,0,0
2102,36005,1,156
2103,36005,2,49
2104,36005,3,524
2105,36005,4,2882
2106,36005,5,4978
2107,36005,6,6071
2108,36005,7,8249
2109,36005,8,15074
2110,36005,9,16920
2111,36005,10,27779
2112,36021,0,0
2113,36021,1,2
2114,36021,2,2
2115,36021,3,9
2116,36021,4,9
2117,36021,5,69
2118,36021,6,83
2119,36021,7,125
2120,36021,8,125
2121,36021,9,125
2122,36021,10,125
2123,36027,0,0
2124,36027,1,0
2125,36027,2,61
2126,36027,3,260
2127,36027,4,309
2128,36027,5,309
2129,36027,6,516
2130,36027,7,813
2131,36027,8,1267
2132,36027,9,1267
2133,36027,10,1159
2134,36039,0,0
2135,36039,1,24
2136,36039,2,13
2137,36039,3,97
2138,36039,4,87
2139,36039,5,194
2140,36039,6,217
2141,36039,7,294
2142,36039,8,368
2143,36039,9,523
2144,36039,10,488
2145,36047,0,0
2146,36047,1,268
2147,36047,2,268
2148,36047,3,2684
2149,36047,4,27897
2150,36047,5,61364
2151,36047,6,96429
2152,36047,7,143364
2153,36047,8,197531
2154,36047,9,240245
2155,36047,10,258740
2156,36059,0,0
2157,36059,1,28
2158,36059,2,20097
2159,36059,3,48641
2160,36059,4,89003
2161,36059,5,119121
2162,36059,6,147717
2163,36059,7,160875
2164,36059,8,171812
2165,36059,9,182577
2166,36059,10,194057
2167,36061,0,0
2168,36061,1,454
2169,36061,2,837
2170,36061,3,2327
2171,36061,4,11089
2172,36061,5,41145
2173,36061,6,68891
2174,36061,7,93120
2175,36061,8,114219
2176,36061,9,135628
2177,36061,10,149266
2178,36071,0,0
2179,36071,1,0
2180,36071,2,0
2181,36071,3,28
2182,36071,4,28
2183,36071,5,33
2184,36071,6,38
2185,36071,7,70
2186,36071,8,196
2187,36071,9,245
2188,36071,10,413
2189,36079,0,0
2190,36079,1,0
2191,36079,2,17
2192,36079,3,17
2193,36079,4,72
2194,36079,5,72
2195,36079,6,235
2196,36079,7,256
2197,36079,8,489
2198,36079,9,489
2199,36079,10,567
2200,36081,0,0
2201,36081,1,240
2202,36081,2,2215
2203,36081,3,17528
2204,36081,4,46493
2205,36081,5,65465
2206,36081,6,76200
2207,36081,7,100598
2208,36081,8,126700
2209,36081,9,140739
2210,36081,10,156595
2211,36083,0,0
2212,36083,1,38
2213,36083,2,38
2214,36083,3,38
2215,36083,4,42
2216,36083,5,42
2217,36083,6,54
2218,36083,7,54
2219,36083,8,64
2220,36083,9,68
2221,36083,10,142
2222,36085,0,0
2223,36085,1,1894
2224,36085,2,4709
2225,36085,3,6298
2226,36085,4,8639
2227,36085,5,15470
2228,36085,6,19819
2229,36085,7,22969
2230,36085,8,27098
2231,36085,9,32944
2232,36085,10,34113
2233,36087,0,0
2234,36087,1,59
2235,36087,2,217
2236,36087,3,342
2237,36087,4,1164
2238,36087,5,1307
2239,36087,6,1678
2240,36087,7,1835
2241,36087,8,1897
2242,36087,9,2117
2243,36087,10,2929
2244,36103,0,0
2245,36103,1,2325
2246,36103,2,9993
2247,36103,3,27356
2248,36103,4,44090
2249,36103,5,55310
2250,36103,6,68872
2251,36103,7,78599
2252,36103,8,90588
2253,36103,9,107338
2254,36103,10,119967
2255,36111,0,0
2256,36111,1,0
2257,36111,2,72
2258,36111,3,271
2259,36111,4,426
2260,36111,5,976
2261,36111,6,1165
2262,36111,7,1178
2263,36111,8,1277
2264,36111,9,1177
2265,36111,10,1199
2266,36119,0,0
2267,36119,1,245
2268,36119,2,283
2269,36119,3,1614
2270,36119,4,3239
2271,36119,5,4193
2272,36119,6,7329
2273,36119,7,8484
2274,36119,8,9845
2275,36119,9,12426
2276,36119,10,15023
2277,37013,0,0
2278,37013,1,842
2279,37013,2,2836
2280,37013,3,4474
2281,37013,4,5087
2282,37013,5,6375
2283,37013,6,8496
2284,37013,7,10294
2285,37013,8,11957
2286,37013,9,15537
2287,37013,10,17619
2288,37015,0,0
2289,37015,1,21
2290,37015,2,23
2291,37015,3,109
2292,37015,4,239
2293,37015,5,237
2294,37015,6,237
2295,37015,7,463
2296,37015,8,463
2297,37015,9,632
2298,37015,10,687
2299,37017,0,0
2300,37017,1,0
2301,37017,2,0
2302,37017,3,0
2303,37017,4,0
2304,37017,5,0
2305,37017,6,9
2306,37017,7,9
2307,37017,8,9
2308,37017,9,22
2309,37017,10,22
2310,37019,0,0
2311,37019,1,693
2312,37019,2,1759
2313,37019,3,2065
2314,37019,4,4461
2315,37019,5,6574
2316,37019,6,8879
2317,37019,7,10137
2318,37019,8,12846
2319,37019,9,14242
2320,37019,10,15866
2321,37029,0,0
2322,37029,1,688
2323,37029,2,1140
2324,37029,3,5083
2325,37029,4,5782
2326,37029,5,7498
2327,37029,6,8600
2328,37029,7,8655
2329,37031,0,0
2330,37031,1,1239
2331,37031,2,4393
2332,37031,3,11548
2333,37031,4,15006
2334,37031,5,18806
2335,37031,6,21152
2336,37031,7,23124
2337,37031,8,28750
2338,37031,9,29481
2339,37031,10,33086
2340,37041,0,0
2341,37041,1,0
2342,37041,2,13
2343,37041,3,69
2344,37041,4,99
2345,37041,5,496
2346,37041,6,559
2347,37041,7,2399
2348,37041,8,3419
2349,37041,9,3548
2350,37041,10,3678
2351,37047,0,0
2352,37047,1,0
2353,37047,2,0
2354,37047,3,0
2355,37047,4,0
2356,37047,5,0
2357,37047,6,4
2358,37047,7,4
2359,37047,8,4
2360,37047,9,4
2361,37047,10,4
2362,37049,0,0
2363,37049,1,81
2364,37049,2,177
2365,37049,3,773
2366,37049,4,3270
2367,37049,5,6082
2368,37049,6,9172
2369,37049,7,12111
2370,37049,8,16269
2371,37049,9,22611
2372,37049,10,25710
2373,37053,0,0
2374,37053,1,516
2375,37053,2,1235
2376,37053,3,3577
2377,37053,4,7987
2378,37053,5,9668
2379,37053,6,13310
2380,37053,7,18726
2381,37053,8,20524
2382,37053,9,23323
2383,37053,10,25796
2384,37055,0,0
2385,37055,1,504
2386,37055,2,3790
2387,37055,3,12492
2388,37055,4,15614
2389,37055,5,16640
2390,37055,6,22272
2391,37055,7,24769
2392,37055,8,29397
2393,37055,9,32656
2394,37055,10,35060
2395,37061,0,0
2396,37061,1,0
2397,37061,2,0
2398,37061,3,0
2399,37061,4,0
2400,37061,5,0
2401,37061,6,0
2402,37061,7,0
2403,37061,8,0
2404,37061,9,0
2405,37061,10,0
2406,37073,0,0
2407,37073,1,65
2408,37073,2,171
2409,37073,3,163
2410,37073,4,248
2411,37073,5,205
2412,37073,6,310
2413,37073,7,377
2414,37073,8,377
2415,37073,9,377
2416,37073,10,389
2417,37079,0,0
2418,37079,1,0
2419,37079,2,0
2420,37079,3,0
2421,37079,4,0
2422,37079,5,0
2423,37079,6,0
2424,37079,7,0
2425,37079,8,0
2426,37079,9,0
2427,37079,10,0
2428,37091,0,0
2429,37091,1,0
2430,37091,2,78
2431,37091,3,78
2432,37091,4,78
2433,37091,5,78
2434,37091,6,92
2435,37091,7,92
2436,37091,8,178
2437,37091,9,178
2438,37091,10,178
2439,37095,0,0
2440,37095,1,827
2441,37095,2,3450
2442,37095,3,4305
2443,37095,4,4364
2444,37095,5,4469
2445,37095,6,4481
2446,37095,7,4474
2447,37095,8,4474
2448,37095,9,4481
2449,37095,10,4481
2450,37103,0,0
2451,37103,1,0
2452,37103,2,0
2453,37103,3,0
2454,37103,4,26
2455,37103,5,165
2456,37103,6,165
2457,37103,7,164
2458,37103,8,277
2459,37103,9,623
2460,37103,10,725
2461,37107,0,0
2462,37107,1,0
2463,37107,2,0
2464,37107,3,0
2465,37107,4,0
2466,37107,5,0
2467,37107,6,0
2468,37107,7,0
2469,37107,8,0
2470,37107,9,0
2471,37107,10,0
2472,37117,0,0
2473,37117,1,0
2474,37117,2,24
2475,37117,3,147
2476,37117,4,170
2477,37117,5,237
2478,37117,6,229
2479,37117,7,247
2480,37117,8,265
2481,37117,9,346
2482,37117,10,675
2483,37129,0,0
2484,37129,1,170
2485,37129,2,1940
2486,37129,3,4402
2487,37129,4,8268
2488,37129,5,12311
2489,37129,6,14593
2490,37129,7,21564
2491,37129,8,24375
2492,37129,9,27295
2493,37129,10,32303
2494,37131,0,0
2495,37131,1,0
2496,37131,2,0
2497,37131,3,0
2498,37131,4,0
2499,37131,5,0
2500,37131,6,0
2501,37131,7,0
2502,37131,8,0
2503,37131,9,0
2504,37131,10,0
2505,37133,0,0
2506,37133,1,440
2507,37133,2,1101
2508,37133,3,1373
2509,37133,4,2281
2510,37133,5,2568
2511,37133,6,3053
2512,37133,7,4282
2513,37133,8,7828
2514,37133,9,9139
2515,37133,10,11450
2516,37137,0,0
2517,37137,1,453
2518,37137,2,504
2519,37137,3,2243
2520,37137,4,2744
2521,37137,5,3669
2522,37137,6,4699
2523,37137,7,4947
2524,37137,8,6025
2525,37137,9,6256
2526,37137,10,6580
2527,37139,0,0
2528,37139,1,227
2529,37139,2,1901
2530,37139,3,5107
2531,37139,4,6944
2532,37139,5,9654
2533,37139,6,12916
2534,37139,7,19287
2535,37139,8,25317
2536,37139,9,30123
2537,37139,10,33708
2538,37141,0,0
2539,37141,1,69
2540,37141,2,893
2541,37141,3,1822
2542,37141,4,2576
2543,37141,5,4323
2544,37141,6,4365
2545,37141,7,4818
2546,37141,8,6544
2547,37141,9,7726
2548,37141,10,8976
2549,37143,0,0
2550,37143,1,56
2551,37143,2,269
2552,37143,3,932
2553,37143,4,1223
2554,37143,5,2545
2555,37143,6,3565
2556,37143,7,5391
2557,37143,8,5501
2558,37143,9,6998
2559,37143,10,8610
2560,37147,0,0
2561,37147,1,14
2562,37147,2,14
2563,37147,3,14
2564,37147,4,14
2565,37147,5,148
2566,37147,6,481
2567,37147,7,498
2568,37147,8,559
2569,37147,9,559
2570,37147,10,1530
2571,37155,0,0
2572,37155,1,0
2573,37155,2,0
2574,37155,3,0
2575,37155,4,0
2576,37155,5,0
2577,37155,6,0
2578,37155,7,0
2579,37155,8,0
2580,37155,9,0
2581,37155,10,0
2582,37163,0,0
2583,37163,1,0
2584,37163,2,0
2585,37163,3,0
2586,37163,4,0
2587,37163,5,0
2588,37163,6,0
2589,37163,7,0
2590,37163,8,0
2591,37163,9,0
2592,37163,10,0
2593,37177,0,0
2594,37177,1,455
2595,37177,2,2175
2596,37177,3,2678
2597,37177,4,2767
2598,37177,5,2896
2599,37177,6,2919
2600,37177,7,3045
2601,37177,8,3212
2602,37177,9,3212
2603,37177,10,3212
2604,37187,0,0
2605,37187,1,53
2606,37187,2,234
2607,37187,3,500
2608,37187,4,726
2609,37187,5,1115
2610,37187,6,1491
2611,37187,7,2121
2612,37187,8,2948
2613,37187,9,4029
2614,37187,10,4588
2615,41005,0,0
2616,41005,1,0
2617,41005,2,0
2618,41005,3,0
2619,41005,4,0
2620,41005,5,0
2621,41005,6,0
2622,41005,7,0
2623,41005,8,0
2624,41005,9,0
2625,41005,10,0
2626,41007,0,0
2627,41007,1,3206
2628,41007,2,4323
2629,41007,3,4538
2630,41007,4,4520
2631,41007,5,6200
2632,41007,6,7078
2633,41007,7,11626
2634,41007,8,13620
2635,41007,9,16630
2636,41007,10,17836
2637,41009,0,0
2638,41009,1,543
2639,41009,2,686
2640,41009,3,787
2641,41009,4,842
2642,41009,5,895
2643,41009,6,1071
2644,41009,7,1684
2645,41009,8,1537
2646,41009,9,3205
2647,41009,10,3915
2648,41011,0,0
2649,41011,1,2095
2650,41011,2,3933
2651,41011,3,4039
2652,41011,4,5880
2653,41011,5,6889
2654,41011,6,7412
2655,41011,7,8076
2656,41011,8,8740
2657,41011,9,9096
2658,41011,10,9724
2659,41015,0,0
2660,41015,1,40
2661,41015,2,40
2662,41015,3,40
2663,41015,4,40
2664,41015,5,60
2665,41015,6,60
2666,41015,7,60
2667,41015,8,60
2668,41015,9,60
2669,41015,10,167
2670,41019,0,0
2671,41019,1,313
2672,41019,2,480
2673,41019,3,520
2674,41019,4,1153
2675,41019,5,1664
2676,41019,6,1749
2677,41019,7,2100
2678,41019,8,2121
2679,41019,9,2259
2680,41019,10,2532
2681,41039,0,0
2682,41039,1,286
2683,41039,2,317
2684,41039,3,329
2685,41039,4,470
2686,41039,5,470
2687,41039,6,486
2688,41039,7,633
2689,41039,8,726
2690,41039,9,781
2691,41039,10,950
2692,41041,0,0
2693,41041,1,536
2694,41041,2,613
2695,41041,3,1203
2696,41041,4,2955
2697,41041,5,4073
2698,41041,6,5037
2699,41041,7,6010
2700,41041,8,6189
2701,41041,9,6567
2702,41041,10,7402
2703,41051,0,0
2704,41051,1,15
2705,41051,2,690
2706,41051,3,708
2707,41051,4,708
2708,41051,5,651
2709,41051,6,1308
2710,41051,7,1308
2711,41051,8,1157
2712,41051,9,1418
2713,41051,10,1663
2714,41057,0,0
2715,41057,1,611
2716,41057,2,851
2717,41057,3,1092
2718,41057,4,1634
2719,41057,5,2117
2720,41057,6,2319
2721,41057,7,3152
2722,41057,8,3603
2723,41057,9,3923
2724,41057,10,5261
2725,42017,0,0
2726,42017,1,52
2727,42017,2,144
2728,42017,3,302
2729,42017,4,214
2730,42017,5,1679
2731,42017,6,2194
2732,42017,7,2339
2733,42017,8,2652
2734,42017,9,2936
2735,42017,10,3630
2736,42045,0,0
2737,42045,1,123
2738,42045,2,123
2739,42045,3,397
2740,42045,4,432
2741,42045,5,559
2742,42045,6,606
2743,42045,7,1254
2744,42045,8,1695
2745,42045,9,2531
2746,42045,10,3091
2747,42091,0,0
2748,42091,1,0
2749,42091,2,0
2750,42091,3,300
2751,42091,4,0
2752,42091,5,300
2753,42091,6,300
2754,42091,7,300
2755,42091,8,300
2756,42091,9,300
2757,42091,10,300
2758,42101,0,0
2759,42101,1,854
2760,42101,2,1937
2761,42101,3,3820
2762,42101,4,4361
2763,42101,5,3594
2764,42101,6,6944
2765,42101,7,13646
2766,42101,8,19491
2767,42101,9,25826
2768,42101,10,31425
2769,44001,0,0
2770,44001,1,62
2771,44001,2,547
2772,44001,3,969
2773,44001,4,2271
2774,44001,5,2786
2775,44001,6,3785
2776,44001,7,4835
2777,44001,8,7123
2778,44001,9,7668
2779,44001,10,9132
2780,44003,0,0
2781,44003,1,46
2782,44003,2,289
2783,44003,3,455
2784,44003,4,874
2785,44003,5,1335
2786,44003,6,2065
2787,44003,7,3263
2788,44003,8,3515
2789,44003,9,4498
2790,44003,10,5133
2791,44005,0,0
2792,44005,1,134
2793,44005,2,307
2794,44005,3,2102
2795,44005,4,2238
2796,44005,5,2970
2797,44005,6,3179
2798,44005,7,3861
2799,44005,8,7386
2800,44005,9,8354
2801,44005,10,9473
2802,44007,0,0
2803,44007,1,0
2804,44007,2,0
2805,44007,3,0
2806,44007,4,140
2807,44007,5,175
2808,44007,6,421
2809,44007,7,1507
2810,44007,8,1876
2811,44007,9,3582
2812,44007,10,4035
2813,44009,0,0
2814,44009,1,247
2815,44009,2,755
2816,44009,3,1934
2817,44009,4,2902
2818,44009,5,4578
2819,44009,6,5269
2820,44009,7,5954
2821,44009,8,6700
2822,44009,9,7701
2823,44009,10,8600
2824,45013,0,0
2825,45013,1,6638
2826,45013,2,10047
2827,45013,3,20604
2828,45013,4,29749
2829,45013,5,36770
2830,45013,6,43833
2831,45013,7,53671
2832,45013,8,62434
2833,45013,9,74369
2834,45013,10,87797
2835,45015,0,0
2836,45015,1,760
2837,45015,2,3026
2838,45015,3,6077
2839,45015,4,11451
2840,45015,5,12865
2841,45015,6,15485
2842,45015,7,17291
2843,45015,8,19375
2844,45015,9,22055
2845,45015,10,24634
2846,45019,0,0
2847,45019,1,3602
2848,45019,2,16570
2849,45019,3,45206
2850,45019,4,74774
2851,45019,5,102837
2852,45019,6,128615
2853,45019,7,155267
2854,45019,8,184410
2855,45019,9,209716
2856,45019,10,234629
2857,45027,0,0
2858,45027,1,0
2859,45027,2,0
2860,45027,3,0
2861,45027,4,0
2862,45027,5,0
2863,45027,6,0
2864,45027,7,0
2865,45027,8,0
2866,45027,9,0
2867,45027,10,0
2868,45029,0,0
2869,45029,1,77
2870,45029,2,262
2871,45029,3,985
2872,45029,4,1300
2873,45029,5,1681
2874,45029,6,2001
2875,45029,7,2113
2876,45029,8,2315
2877,45029,9,2611
2878,45029,10,2880
2879,45033,0,0
2880,45033,1,0
2881,45033,2,0
2882,45033,3,0
2883,45033,4,0
2884,45033,5,0
2885,45033,6,0
2886,45033,7,0
2887,45033,8,0
2888,45033,9,0
2889,45033,10,0
2890,45035,0,0
2891,45035,1,12
2892,45035,2,12
2893,45035,3,28
2894,45035,4,48
2895,45035,5,644
2896,45035,6,1924
2897,45035,7,2878
2898,45035,8,3425
2899,45035,9,4109
2900,45035,10,4792
2901,45041,0,0
2902,45041,1,0
2903,45041,2,0
2904,45041,3,0
2905,45041,4,0
2906,45041,5,0
2907,45041,6,0
2908,45041,7,0
2909,45041,8,0
2910,45041,9,0
2911,45041,10,0
2912,45043,0,0
2913,45043,1,717
2914,45043,2,1913
2915,45043,3,4822
2916,45043,4,6483
2917,45043,5,8407
2918,45043,6,9226
2919,45043,7,10811
2920,45043,8,12272
2921,45043,9,15387
2922,45043,10,18030
2923,45049,0,0
2924,45049,1,0
2925,45049,2,0
2926,45049,3,33
2927,45049,4,33
2928,45049,5,33
2929,45049,6,33
2930,45049,7,33
2931,45049,8,33
2932,45049,9,33
2933,45049,10,87
2934,45051,0,0
2935,45051,1,424
2936,45051,2,897
2937,45051,3,1970
2938,45051,4,2985
2939,45051,5,5228
2940,45051,6,6750
2941,45051,7,9355
2942,45051,8,11456
2943,45051,9,15626
2944,45051,10,22479
2945,45053,0,0
2946,45053,1,325
2947,45053,2,567
2948,45053,3,613
2949,45053,4,910
2950,45053,5,2295
2951,45053,6,2566
2952,45053,7,2658
2953,45053,8,2831
2954,45053,9,3906
2955,45053,10,4208
2956,45067,0,0
2957,45067,1,0
2958,45067,2,0
2959,45067,3,0
2960,45067,4,0
2961,45067,5,0
2962,45067,6,0
2963,45067,7,0
2964,45067,8,0
2965,45067,9,0
2966,45067,10,0
2967,45089,0,0
2968,45089,1,0
2969,45089,2,0
2970,45089,3,0
2971,45089,4,0
2972,45089,5,0
2973,45089,6,0
2974,45089,7,11
2975,45089,8,48
2976,45089,9,82
2977,45089,10,92
2978,48007,0,0
2979,48007,1,38
2980,48007,2,374
2981,48007,3,821
2982,48007,4,2361
2983,48007,5,3136
2984,48007,6,4614
2985,48007,7,5282
2986,48007,8,6983
2987,48007,9,7517
2988,48007,10,8724
2989,48039,0,0
2990,48039,1,910
2991,48039,2,1114
2992,48039,3,1885
2993,48039,4,3346
2994,48039,5,3882
2995,48039,6,4209
2996,48039,7,4991
2997,48039,8,5369
2998,48039,9,7787
2999,48039,10,7318
3000,48057,0,0
3001,48057,1,244
3002,48057,2,251
3003,48057,3,362
3004,48057,4,630
3005,48057,5,758
3006,48057,6,873
3007,48057,7,1717
3008,48057,8,2498
3009,48057,9,2746
3010,48057,10,3063
3011,48061,0,0
3012,48061,1,0
3013,48061,2,6
3014,48061,3,627
3015,48061,4,2728
3016,48061,5,2677
3017,48061,6,4931
3018,48061,7,7755
3019,48061,8,9451
3020,48061,9,10387
3021,48061,10,11094
3022,48071,0,0
3023,48071,1,215
3024,48071,2,217
3025,48071,3,273
3026,48071,4,335
3027,48071,5,566
3028,48071,6,632
3029,48071,7,1253
3030,48071,8,1437
3031,48071,9,1851
3032,48071,10,2194
3033,48157,0,0
3034,48157,1,0
3035,48157,2,0
3036,48157,3,0
3037,48157,4,0
3038,48157,5,0
3039,48157,6,0
3040,48157,7,0
3041,48157,8,0
3042,48157,9,0
3043,48157,10,0
3044,48167,0,0
3045,48167,1,476
3046,48167,2,1924
3047,48167,3,8856
3048,48167,4,17106
3049,48167,5,25194
3050,48167,6,33325
3051,48167,7,49599
3052,48167,8,57569
3053,48167,9,68792
3054,48167,10,77354
3055,48199,0,0
3056,48199,1,0
3057,48199,2,0
3058,48199,3,2
3059,48199,4,2
3060,48199,5,663
3061,48199,6,663
3062,48199,7,663
3063,48199,8,687
3064,48199,9,1203
3065,48199,10,1223
3066,48201,0,0
3067,48201,1,1231
3068,48201,2,2610
3069,48201,3,1975
3070,48201,4,2581
3071,48201,5,5408
3072,48201,6,7015
3073,48201,7,8800
3074,48201,8,13813
3075,48201,9,20761
3076,48201,10,28932
3077,48239,0,0
3078,48239,1,0
3079,48239,2,2
3080,48239,3,31
3081,48239,4,31
3082,48239,5,31
3083,48239,6,31
3084,48239,7,33
3085,48239,8,40
3086,48239,9,118
3087,48239,10,412
3088,48241,0,0
3089,48241,1,0
3090,48241,2,0
3091,48241,3,0
3092,48241,4,0
3093,48241,5,0
3094,48241,6,0
3095,48241,7,0
3096,48241,8,93
3097,48241,9,145
3098,48241,10,145
3099,48245,0,0
3100,48245,1,226
3101,48245,2,578
3102,48245,3,1349
3103,48245,4,1781
3104,48245,5,2106
3105,48245,6,2964
3106,48245,7,2862
3107,48245,8,3847
3108,48245,9,4425
3109,48245,10,11641
3110,48261,0,0
3111,48261,1,0
3112,48261,2,0
3113,48261,3,5
3114,48261,4,8
3115,48261,5,8
3116,48261,6,10
3117,48261,7,10
3118,48261,8,10
3119,48261,9,10
3120,48261,10,10
3121,48273,0,0
3122,48273,1,0
3123,48273,2,0
3124,48273,3,0
3125,48273,4,6
3126,48273,5,16
3127,48273,6,84
3128,48273,7,84
3129,48273,8,84
3130,48273,9,169
3131,48273,10,301
3132,48291,0,0
3133,48291,1,0
3134,48291,2,0
3135,48291,3,0
3136,48291,4,0
3137,48291,5,0
3138,48291,6,0
3139,48291,7,0
3140,48291,8,0
3141,48291,9,115
3142,48291,10,115
3143,48321,0,0
3144,48321,1,103
3145,48321,2,151
3146,48321,3,734
3147,48321,4,1214
3148,48321,5,1436
3149,48321,6,1680
3150,48321,7,1653
3151,48321,8,1831
3152,48321,9,2252
3153,48321,10,2532
3154,48351,0,0
3155,48351,1,0
3156,48351,2,0
3157,48351,3,0
3158,48351,4,0
3159,48351,5,0
3160,48351,6,0
3161,48351,7,0
3162,48351,8,0
3163,48351,9,28
3164,48351,10,84
3165,48355,0,0
3166,48355,1,0
3167,48355,2,220
3168,48355,3,286
3169,48355,4,1918
3170,48355,5,4989
3171,48355,6,11473
3172,48355,7,15704
3173,48355,8,15714
3174,48355,9,16203
3175,48355,10,19262
3176,48361,0,0
3177,48361,1,2010
3178,48361,2,2290
3179,48361,3,4416
3180,48361,4,7552
3181,48361,5,10174
3182,48361,6,18699
3183,48361,7,26050
3184,48361,8,31353
3185,48361,9,36481
3186,48361,10,35483
3187,48391,0,0
3188,48391,1,0
3189,48391,2,0
3190,48391,3,0
3191,48391,4,10
3192,48391,5,18
3193,48391,6,18
3194,48391,7,35
3195,48391,8,37
3196,48391,9,47
3197,48391,10,51
3198,48409,0,0
3199,48409,1,0
3200,48409,2,141
3201,48409,3,28
3202,48409,4,575
3203,48409,5,1573
3204,48409,6,1525
3205,48409,7,1940
3206,48409,8,2170
3207,48409,9,2998
3208,48409,10,4519
3209,48469,0,0
3210,48469,1,0
3211,48469,2,0
3212,48469,3,0
3213,48469,4,0
3214,48469,5,0
3215,48469,6,0
3216,48469,7,5
3217,48469,8,5
3218,48469,9,5
3219,48469,10,5
3220,48489,0,0
3221,48489,1,0
3222,48489,2,0
3223,48489,3,14
3224,48489,4,4
3225,48489,5,196
3226,48489,6,141
3227,48489,7,254
3228,48489,8,259
3229,48489,9,191
3230,48489,10,206
3231,51001,0,0
3232,51001,1,1384
3233,51001,2,4518
3234,51001,3,6107
3235,51001,4,7014
3236,51001,5,7676
3237,51001,6,7890
3238,51001,7,8790
3239,51001,8,9331
3240,51001,9,10180
3241,51001,10,10358
3242,51013,0,0
3243,51013,1,0
3244,51013,2,0
3245,51013,3,0
3246,51013,4,0
3247,51013,5,0
3248,51013,6,0
3249,51013,7,0
3250,51013,8,0
3251,51013,9,0
3252,51013,10,0
3253,51033,0,0
3254,51033,1,0
3255,51033,2,0
3256,51033,3,0
3257,51033,4,0
3258,51033,5,0
3259,51033,6,0
3260,51033,7,15
3261,51033,8,15
3262,51033,9,15
3263,51033,10,15
3264,51036,0,0
3265,51036,1,28
3266,51036,2,31
3267,51036,3,31
3268,51036,4,107
3269,51036,5,211
3270,51036,6,280
3271,51036,7,280
3272,51036,8,286
3273,51036,9,286
3274,51036,10,328
3275,51041,0,0
3276,51041,1,0
3277,51041,2,0
3278,51041,3,0
3279,51041,4,0
3280,51041,5,0
3281,51041,6,0
3282,51041,7,214
3283,51041,8,214
3284,51041,9,214
3285,51041,10,214
3286,51057,0,0
3287,51057,1,0
3288,51057,2,28
3289,51057,3,39
3290,51057,4,338
3291,51057,5,349
3292,51057,6,380
3293,51057,7,380
3294,51057,8,493
3295,51057,9,617
3296,51057,10,677
3297,51059,0,0
3298,51059,1,0
3299,51059,2,55
3300,51059,3,81
3301,51059,4,291
3302,51059,5,3200
3303,51059,6,5388
3304,51059,7,5477
3305,51059,8,5859
3306,51059,9,5910
3307,51059,10,6291
3308,51073,0,0
3309,51073,1,411
3310,51073,2,1641
3311,51073,3,3284
3312,51073,4,4822
3313,51073,5,5350
3314,51073,6,6212
3315,51073,7,6229
3316,51073,8,7107
3317,51073,9,7218
3318,51073,10,7440
3319,51085,0,0
3320,51085,1,0
3321,51085,2,0
3322,51085,3,0
3323,51085,4,0
3324,51085,5,0
3325,51085,6,0
3326,51085,7,0
3327,51085,8,0
3328,51085,9,0
3329,51085,10,6
3330,51087,0,0
3331,51087,1,12
3332,51087,2,12
3333,51087,3,12
3334,51087,4,18
3335,51087,5,18
3336,51087,6,30
3337,51087,7,30
3338,51087,8,97
3339,51087,9,97
3340,51087,10,97
3341,51093,0,0
3342,51093,1,50
3343,51093,2,61
3344,51093,3,76
3345,51093,4,801
3346,51093,5,801
3347,51093,6,831
3348,51093,7,1016
3349,51093,8,1016
3350,51093,9,2008
3351,51093,10,2008
3352,51095,0,0
3353,51095,1,69
3354,51095,2,69
3355,51095,3,947
3356,51095,4,1107
3357,51095,5,1623
3358,51095,6,1867
3359,51095,7,1915
3360,51095,8,3329
3361,51095,9,3292
3362,51095,10,3492
3363,51097,0,0
3364,51097,1,66
3365,51097,2,250
3366,51097,3,388
3367,51097,4,388
3368,51097,5,418
3369,51097,6,436
3370,51097,7,460
3371,51097,8,495
3372,51097,9,495
3373,51097,10,495
3374,51099,0,0
3375,51099,1,155
3376,51099,2,155
3377,51099,3,180
3378,51099,4,180
3379,51099,5,180
3380,51099,6,180
3381,51099,7,180
3382,51099,8,190
3383,51099,9,190
3384,51099,10,190
3385,51101,0,0
3386,51101,1,12
3387,51101,2,151
3388,51101,3,128
3389,51101,4,131
3390,51101,5,238
3391,51101,6,379
3392,51101,7,602
3393,51101,8,1093
3394,51101,9,1879
3395,51101,10,1962
3396,51103,0,0
3397,51103,1,228
3398,51103,2,369
3399,51103,3,408
3400,51103,4,738
3401,51103,5,835
3402,51103,6,877
3403,51103,7,1353
3404,51103,8,1252
3405,51103,9,1443
3406,51103,10,1660
3407,51115,0,0
3408,51115,1,85
3409,51115,2,1415
3410,51115,3,1816
3411,51115,4,3582
3412,51115,5,4273
3413,51115,6,4835
3414,51115,7,5654
3415,51115,8,6389
3416,51115,9,6523
3417,51115,10,6679
3418,51119,0,0
3419,51119,1,58
3420,51119,2,521
3421,51119,3,543
3422,51119,4,584
3423,51119,5,590
3424,51119,6,586
3425,51119,7,855
3426,51119,8,931
3427,51119,9,989
3428,51119,10,1015
3429,51127,0,0
3430,51127,1,536
3431,51127,2,584
3432,51127,3,659
3433,51127,4,659
3434,51127,5,1251
3435,51127,6,1267
3436,51127,7,1399
3437,51127,8,1246
3438,51127,9,1300
3439,51127,10,1842
3440,51131,0,0
3441,51131,1,54
3442,51131,2,154
3443,51131,3,189
3444,51131,4,612
3445,51131,5,816
3446,51131,6,1378
3447,51131,7,1664
3448,51131,8,2014
3449,51131,9,2170
3450,51131,10,2360
3451,51133,0,0
3452,51133,1,31
3453,51133,2,57
3454,51133,3,685
3455,51133,4,709
3456,51133,5,965
3457,51133,6,1335
3458,51133,7,2001
3459,51133,8,2658
3460,51133,9,3095
3461,51133,10,3539
3462,51149,0,0
3463,51149,1,335
3464,51149,2,335
3465,51149,3,335
3466,51149,4,335
3467,51149,5,341
3468,51149,6,341
3469,51149,7,359
3470,51149,8,398
3471,51149,9,398
3472,51149,10,404
3473,51153,0,0
3474,51153,1,0
3475,51153,2,0
3476,51153,3,0
3477,51153,4,24
3478,51153,5,167
3479,51153,6,167
3480,51153,7,209
3481,51153,8,252
3482,51153,9,295
3483,51153,10,446
3484,51159,0,0
3485,51159,1,24
3486,51159,2,53
3487,51159,3,122
3488,51159,4,187
3489,51159,5,249
3490,51159,6,277
3491,51159,7,282
3492,51159,8,382
3493,51159,9,463
3494,51159,10,560
3495,51175,0,0
3496,51175,1,154
3497,51175,2,154
3498,51175,3,154
3499,51175,4,154
3500,51175,5,156
3501,51175,6,156
3502,51175,7,156
3503,51175,8,71
3504,51175,9,81
3505,51175,10,149
3506,51177,0,0
3507,51177,1,0
3508,51177,2,0
3509,51177,3,0
3510,51177,4,0
3511,51177,5,0
3512,51177,6,0
3513,51177,7,0
3514,51177,8,0
3515,51177,9,0
3516,51177,10,0
3517,51179,0,0
3518,51179,1,0
3519,51179,2,0
3520,51179,3,0
3521,51179,4,37
3522,51179,5,168
3523,51179,6,168
3524,51179,7,758
3525,51179,8,872
3526,51179,9,831
3527,51179,10,851
3528,51181,0,0
3529,51181,1,87
3530,51181,2,87
3531,51181,3,93
3532,51181,4,93
3533,51181,5,93
3534,51181,6,107
3535,51181,7,115
3536,51181,8,118
3537,51181,9,112
3538,51181,10,112
3539,51183,0,0
3540,51183,1,0
3541,51183,2,0
3542,51183,3,0
3543,51183,4,0
3544,51183,5,0
3545,51183,6,0
3546,51183,7,0
3547,51183,8,0
3548,51183,9,0
3549,51183,10,0
3550,51193,0,0
3551,51193,1,0
3552,51193,2,139
3553,51193,3,582
3554,51193,4,876
3555,51193,5,1063
3556,51193,6,1947
3557,51193,7,2109
3558,51193,8,2394
3559,51193,9,4679
3560,51193,10,4776
3561,51199,0,0
3562,51199,1,0
3563,51199,2,187
3564,51199,3,2358
3565,51199,4,2748
3566,51199,5,3822
3567,51199,6,4963
3568,51199,7,9994
3569,51199,8,11014
3570,51199,9,14209
3571,51199,10,14986
3572,51510,0,0
3573,51510,1,0
3574,51510,2,0
3575,51510,3,0
3576,51510,4,0
3577,51510,5,0
3578,51510,6,218
3579,51510,7,692
3580,51510,8,919
3581,51510,9,1217
3582,51510,10,2792
3583,51550,0,0
3584,51550,1,1276
3585,51550,2,2133
3586,51550,3,7021
3587,51550,4,12816
3588,51550,5,23699
3589,51550,6,32184
3590,51550,7,41688
3591,51550,8,62394
3592,51550,9,74129
3593,51550,10,87174
3594,51570,0,0
3595,51570,1,0
3596,51570,2,0
3597,51570,3,0
3598,51570,4,0
3599,51570,5,0
3600,51570,6,0
3601,51570,7,0
3602,51570,8,0
3603,51570,9,0
3604,51570,10,0
3605,51620,0,0
3606,51620,1,0
3607,51620,2,0
3608,51620,3,0
3609,51620,4,0
3610,51620,5,0
3611,51620,6,0
3612,51620,7,0
3613,51620,8,0
3614,51620,9,0
3615,51620,10,0
3616,51630,0,0
3617,51630,1,0
3618,51630,2,0
3619,51630,3,0
3620,51630,4,0
3621,51630,5,0
3622,51630,6,0
3623,51630,7,0
3624,51630,8,0
3625,51630,9,0
3626,51630,10,11
3627,51650,0,0
3628,51650,1,49
3629,51650,2,2101
3630,51650,3,4145
3631,51650,4,6697
3632,51650,5,17090
3633,51650,6,27103
3634,51650,7,38530
3635,51650,8,50686
3636,51650,9,65190
3637,51650,10,74380
3638,51670,0,0
3639,51670,1,0
3640,51670,2,0
3641,51670,3,0
3642,51670,4,0
3643,51670,5,0
3644,51670,6,0
3645,51670,7,0
3646,51670,8,0
3647,51670,9,0
3648,51670,10,0
3649,51700,0,0
3650,51700,1,0
3651,51700,2,30
3652,51700,3,130
3653,51700,4,614
3654,51700,5,1956
3655,51700,6,2163
3656,51700,7,3204
3657,51700,8,5522
3658,51700,9,6789
3659,51700,10,8108
3660,51710,0,0
3661,51710,1,300
3662,51710,2,1608
3663,51710,3,8093
3664,51710,4,19023
3665,51710,5,31702
3666,51710,6,43553
3667,51710,7,78959
3668,51710,8,109218
3669,51710,9,136975
3670,51710,10,169573
3671,51730,0,0
3672,51730,1,0
3673,51730,2,0
3674,51730,3,0
3675,51730,4,0
3676,51730,5,0
3677,51730,6,0
3678,51730,7,0
3679,51730,8,0
3680,51730,9,0
3681,51730,10,0
3682,51735,0,0
3683,51735,1,877
3684,51735,2,2475
3685,51735,3,4841
3686,51735,4,7740
3687,51735,5,9916
3688,51735,6,11536
3689,51735,7,11952
3690,51740,0,0
3691,51740,1,3
3692,51740,2,619
3693,51740,3,929
3694,51740,4,4166
3695,51740,5,8442
3696,51740,6,18044
3697,51740,7,26767
3698,51740,8,34640
3699,51740,9,46177
3700,51740,10,60243
3701,51760,0,0
3702,51760,1,0
3703,51760,2,0
3704,51760,3,0
3705,51760,4,0
3706,51760,5,0
3707,51760,6,0
3708,51760,7,0
3709,51760,8,0
3710,51760,9,0
3711,51760,10,0
3712,51800,0,0
3713,51800,1,40
3714,51800,2,153
3715,51800,3,153
3716,51800,4,256
3717,51800,5,256
3718,51800,6,1266
3719,51800,7,1284
3720,51800,8,2187
3721,51800,9,3503
3722,51800,10,5889
3723,51810,0,0
3724,51810,1,248
3725,51810,2,971
3726,51810,3,6020
3727,51810,4,19121
3728,51810,5,30590
3729,51810,6,55587
3730,51810,7,78183
3731,51810,8,98471
3732,51810,9,134960
3733,51810,10,201094
3734,51830,0,0
3735,51830,1,0
3736,51830,2,0
3737,51830,3,0
3738,51830,4,0
3739,51830,5,0
3740,51830,6,0
3741,51830,7,0
3742,51830,8,0
3743,51830,9,0
3744,51830,10,0
3745,53009,0,0
3746,53009,1,263
3747,53009,2,279
3748,53009,3,268
3749,53009,4,387
3750,53009,5,521
3751,53009,6,569
3752,53009,7,669
3753,53009,8,715
3754,53009,9,696
3755,53009,10,685
3756,53011,0,0
3757,53011,1,0
3758,53011,2,0
3759,53011,3,0
3760,53011,4,0
3761,53011,5,0
3762,53011,6,0
3763,53011,7,0
3764,53011,8,0
3765,53011,9,0
3766,53011,10,0
3767,53015,0,0
3768,53015,1,14538
3769,53015,2,16044
3770,53015,3,19611
3771,53015,4,20362
3772,53015,5,21650
3773,53015,6,22815
3774,53015,7,23258
3775,53015,8,25997
3776,53015,9,28610
3777,53015,10,32690
3778,53027,0,0
3779,53027,1,4927
3780,53027,2,9783
3781,53027,3,18149
3782,53027,4,22388
3783,53027,5,24522
3784,53027,6,26152
3785,53027,7,28569
3786,53027,8,31207
3787,53027,9,33439
3788,53027,10,35266
3789,53029,0,0
3790,53029,1,476
3791,53029,2,502
3792,53029,3,1111
3793,53029,4,2205
3794,53029,5,2037
3795,53029,6,2147
3796,53029,7,2262
3797,53029,8,2433
3798,53029,9,2710
3799,53029,10,3676
3800,53031,0,0
3801,53031,1,102
3802,53031,2,49
3803,53031,3,232
3804,53031,4,342
3805,53031,5,563
3806,53031,6,640
3807,53031,7,1483
3808,53031,8,1457
3809,53031,9,1360
3810,53031,10,1465
3811,53033,0,0
3812,53033,1,2130
3813,53033,2,2227
3814,53033,3,2439
3815,53033,4,2446
3816,53033,5,3173
3817,53033,6,4363
3818,53033,7,6251
3819,53033,8,7764
3820,53033,9,11156
3821,53033,10,14506
3822,53035,0,0
3823,53035,1,788
3824,53035,2,1151
3825,53035,3,1558
3826,53035,4,2688
3827,53035,5,3312
3828,53035,6,6030
3829,53035,7,6111
3830,53035,8,6383
3831,53035,9,8019
3832,53035,10,8293
3833,53045,0,0
3834,53045,1,366
3835,53045,2,232
3836,53045,3,346
3837,53045,4,1227
3838,53045,5,2324
3839,53045,6,3332
3840,53045,7,3852
3841,53045,8,4509
3842,53045,9,5332
3843,53045,10,5528
3844,53049,0,0
3845,53049,1,557
3846,53049,2,941
3847,53049,3,1414
3848,53049,4,2252
3849,53049,5,4329
3850,53049,6,5125
3851,53049,7,7312
3852,53049,8,7518
3853,53049,9,8520
3854,53049,10,9470
3855,53053,0,0
3856,53053,1,0
3857,53053,2,55
3858,53053,3,1222
3859,53053,4,1810
3860,53053,5,3111
3861,53053,6,3396
3862,53053,7,5708
3863,53053,8,6314
3864,53053,9,7376
3865,53053,10,9145
3866,53055,0,0
3867,53055,1,183
3868,53055,2,214
3869,53055,3,337
3870,53055,4,345
3871,53055,5,529
3872,53055,6,606
3873,53055,7,617
3874,53055,8,836
3875,53055,9,1035
3876,53055,10,1044
3877,53057,0,0
3878,53057,1,2645
3879,53057,2,3154
3880,53057,3,4091
3881,53057,4,4157
3882,53057,5,5093
3883,53057,6,5413
3884,53057,7,5990
3885,53057,8,6215
3886,53057,9,6538
3887,53057,10,7296
3888,53059,0,0
3889,53059,1,0
3890,53059,2,0
3891,53059,3,27
3892,53059,4,0
3893,53059,5,27
3894,53059,6,27
3895,53059,7,27
3896,53059,8,27
3897,53059,9,27
3898,53059,10,27
3899,53061,0,0
3900,53061,1,1541
3901,53061,2,1550
3902,53061,3,1716
3903,53061,4,2006
3904,53061,5,2433
3905,53061,6,2735
3906,53061,7,2895
3907,53061,8,3504
3908,53061,9,4585
3909,53061,10,5140
3910,53067,0,0
3911,53067,1,102
3912,53067,2,73
3913,53067,3,108
3914,53067,4,190
3915,53067,5,940
3916,53067,6,1218
3917,53067,7,1323
3918,53067,8,1405
3919,53067,9,1861
3920,53067,10,2249
3921,53069,0,0
3922,53069,1,300
3923,53069,2,709
3924,53069,3,1004
3925,53069,4,1380
3926,53069,5,1462
3927,53069,6,1482
3928,53069,7,1579
3929,53069,8,1642
3930,53069,9,1675
3931,53069,10,1675
3932,53073,0,0
3933,53073,1,59
3934,53073,2,704
3935,53073,3,1239
3936,53073,4,1020
3937,53073,5,2199
3938,53073,6,2391
3939,53073,7,2818
3940,53073,8,3012
3941,53073,9,3080
3942,53073,10,3308
